"node","sd"
"TP",3.82153079363876
"TP_prevSummer",5.15626810620634
"chla",3.84570107107921
"chla_prevSummer",5.5952115415489
"cyano",0.735677990611513
"colour_prevSummer",17.2582256963366
"colour",9.20138185825426
