Variable,met_data,mean_CC,mean_rmse,mean_class_error,mean_mcc,mean_ROC_AUC
TP,metno,0.574923416448675,3.958972843413806,0.3302631578947368,0.335970930309861,0.66625
TP,nomet,0.574923416448675,3.958972843413806,0.3302631578947368,0.335970930309861,0.66625
chla,metno,0.546170531311131,4.764126519383767,0.3381578947368421,0.0498246127836109,0.5196127946127949
chla,nomet,0.5414349032403399,4.758442909060709,0.318421052631579,0.08239173378895026,0.5308080808080807
colour,metno,0.8463217738503712,8.780195517003026,0.2447368421052632,0.4362956872655718,0.7060000000000002
colour,nomet,0.8233661536015875,9.352746644503437,0.23684210526315788,0.4647749768357824,0.7276923076923079
cyano,metno,0.3747538315021368,1.9058965721357708,0.31304347826086965,0.49143398684129486,0.7
cyano,nomet,0.4735088080438743,1.755389104617197,0.3108695652173914,0.49464339017354175,0.7020833333333336
